{
  "height": 293.80352644836267,
  "tabOrder": 1000,
  "width": 166.85138539042819,
  "x": 1097.2292191435768,
  "y": 16.322418136020151,
  "z": 1000
}