{
  "height": 377.22921914357681,
  "tabOrder": 2000,
  "width": 166.85138539042819,
  "x": 1097.2292191435768,
  "y": 330.07556675062972,
  "z": 2000
}