{
  "height": 690.98236775818634,
  "width": 1074.5591939546598,
  "x": 15.415617128463476,
  "y": 16.322418136020151,
  "z": 0
}