{
  "height": 362.72040302267,
  "tabOrder": 2000,
  "width": 196.77581863979847,
  "x": 1071.83879093199,
  "y": 341.86397984886645,
  "z": 3000
}