{
  "height": 291.98992443324937,
  "tabOrder": 1000,
  "width": 196.77581863979847,
  "x": 1071.83879093199,
  "y": 39.8992443324937,
  "z": 2000
}