{
  "height": 664.68513853904278,
  "width": 1050.0755667506296,
  "x": 9.9748110831234253,
  "y": 39.8992443324937,
  "z": 0
}